title,organization,unit,role,decision_or_contribution,mandate_evidence,official_contact_route,geography,source_url,verification_date,confidence,unconfirmed,page_check
"Filipino Adolescent Loneliness Patterns and Protective Factors Using Latent Class Analysis","Department of Education","Bureau of Learner Support Services","prospective adopter","Whether aggregate loneliness and protective-factor patterns could help prioritize school mental-health support.","The opened IRR of RA 12080 says the school-based mental health program is ""headed by the Bureau of Learner Support Services (BLSS) or its equivalent, which serves to promote and ensure the mental health and well-being of learners."" A separate opened DepEd release names the Bureau of Learner Support Services-School Health Division for a foundational course on adolescent health: https://www.deped.gov.ph/2022/03/26/deped-partners-roll-out-foundational-course-on-adolescent-health-training/","https://www.deped.gov.ph/contact-us/directory/","Metro Manila; national","https://www.deped.gov.ph/wp-content/uploads/IRR-of-RA-12080-Basic-Education-Mental-Health-and-Well-Being-Promotion-Act-v2.pdf","2026-10-06","high","Interest, procurement, and any use of latent-class results are unconfirmed. The IRR excerpt does not name loneliness or the School Health Division.","opened"
"Filipino Adolescent Loneliness Patterns and Protective Factors Using Latent Class Analysis","University of the Philippines Population Institute","Young Adult Fertility and Sexuality Study","data partner; validator","Whether YAFS youth-survey items could corroborate loneliness and protective-factor themes, and whether a public-use file could be requested.","The opened institute page says YAFS provides information on Filipino adolescents and young adults on topics including ""health and lifestyle, media use, mental health,"" and that ""The YAFS5 PUF can be requested through the Philippine Population Data Archive (PopArchive).""","https://www.uppi.upd.edu.ph/research/yafs5/puf","Metro Manila; national","https://www.uppi.upd.edu.ph/research/yafs5/puf","2026-10-06","high","File release, eligible adolescent count, analysis approval, and any research use are unconfirmed. No personal contact is recorded here.","opened"
"Filipino Adolescent Loneliness Patterns and Protective Factors Using Latent Class Analysis","Quezon City Government","Quezon City Youth Development Office","prospective adopter","Whether city youth-program priorities could use nonclinical patterns of youth distress and support.","The opened office page says ""The QCYDO formulates and implements programs and services attuned to the issues and concerns of the city’s youth"" and lists ""mental health interventions"" among support services for city scholars.","https://quezoncity.gov.ph/departments/quezon-city-youth-development-office/","Metro Manila","https://quezoncity.gov.ph/departments/quezon-city-youth-development-office/","2026-10-06","medium","Interest and program fit are unconfirmed. The mental-health line is scholar support, not a school-age loneliness survey.","opened"
"Creative Thinking and Digital Leisure Across Southeast Asian PISA Systems Using Multilevel IRT","Department of Education","Bureau of Education Assessment","prospective adopter; validator","Whether creative-thinking score comparability and policy use could be reviewed against the bureau's assessment function.","The opened bureau page says it ""develops a harmonized and standardized assessment mechanism for student learning"" and ""provides policy recommendations based on assessment results and research.""","https://www.deped.gov.ph/contact-us/directory/","Metro Manila; national","https://assessment.deped.gov.ph/","2026-10-06","medium","Interest, procurement, PISA creative-thinking items, and digital-leisure measures are unconfirmed. The page does not name PISA or creative thinking.","opened"
"Creative Thinking and Digital Leisure Across Southeast Asian PISA Systems Using Multilevel IRT","Department of Education","Bureau of Curriculum Development","prospective adopter","Whether a valid aggregate creativity finding could inform curriculum activities that already name creativity.","The opened shaping paper is issued by the Bureau of Curriculum Development and says the job landscape creates ""a growing demand for 21st century skills such as creativity, critical thinking, collaboration, and emotional and digital intelligence.""","https://www.deped.gov.ph/contact-us/directory/","Metro Manila; national","https://www.deped.gov.ph/wp-content/uploads/GENERAL-SHAPING-PAPER-2023.pdf","2026-10-06","high","Interest, procurement, and any digital-leisure curriculum use are unconfirmed.","opened"
"Creative Thinking and Digital Leisure Across Southeast Asian PISA Systems Using Multilevel IRT","Department of Education","Information and Communications Technology Service","prospective adopter","Whether digital-learning guidance could be reviewed if proposed digital-exposure measures become available.","The opened DepEd release says the national computerization training was ""Spearheaded by the Information and Communications Technology Service (ICTS)"" for rollout of the DepEd Computerization Program.","https://www.deped.gov.ph/contact-us/directory/","Metro Manila; national","https://www.deped.gov.ph/2024/03/25/deped-conducts-national-training-of-trainers-to-support-computerization-program-roll-out/","2026-10-06","medium","Interest and program fit are unconfirmed. The page describes devices and trainer rollout, not leisure or PISA ICT items.","opened"
"Forecasting Philippine LGU Nighttime-Light Growth Using XGBoost for Dark-Sky Planning","Quezon City Government","Climate Change and Environmental Sustainability Department","prospective adopter","Whether LGU radiance trends could inform a local environmental-policy review. A dark-sky program is not stated.","The opened department page says it is ""tasked to develop and implement policies, programs, projects, systems, and strategies on climate change mitigation and adaptation as well as environmental sustainability.""","https://quezoncity.gov.ph/departments/climate-change-and-environmental-sustainability-department/","Metro Manila","https://quezoncity.gov.ph/departments/climate-change-and-environmental-sustainability-department/","2026-10-06","medium","Interest, procurement, and a lighting or dark-sky program are unconfirmed.","opened"
"Forecasting Philippine LGU Nighttime-Light Growth Using XGBoost for Dark-Sky Planning","National Mapping and Resource Information Authority","Client services","data partner","Whether official map products could be used to check LGU boundaries and layer provenance.","The opened service page identifies NAMRIA as ""The Central Mapping Agency of the Government of the Philippines"" and lists digital products, GIS training, and certification services.","https://namria.gov.ph/kiosk/menu.htm","national","https://namria.gov.ph/kiosk/menu.htm","2026-10-06","medium","Interest and suitable downloadable boundary files are unconfirmed. The page does not name LGU polygons.","opened"
"Forecasting Philippine LGU Nighttime-Light Growth Using XGBoost for Dark-Sky Planning","Philippine Space Agency","Office of the President space program","validator","Whether satellite-radiance processing for LGU growth forecasts could be reviewed. This is not a visible sky-brightness check.","The opened mandate page says PhilSA will ""Promote improved public access and resource-sharing for the utilization of spaceborne data, space-enabled services and space-related facilities.""","https://philsa.gov.ph/contact/","Metro Manila; national","https://philsa.gov.ph/philsa-mandate","2026-10-06","medium","Interest, data access, VIIRS product choice, and uncertainty review are unconfirmed.","opened"
"Forecasting Philippine LGU Nighttime-Light Growth Using XGBoost for Dark-Sky Planning","Department of Energy","Lighting and Appliance Testing Division, Energy Utilization Management Bureau","prospective adopter","Whether radiance growth could be read against lighting-product efficiency standards rather than as a dark-sky designation.","The opened functions page says the Lighting and Appliance Testing Division ""Develops product energy efficiency programs, formulates and oversees implementation of energy standards, and conducts research and testing in support of National Energy Efficiency Program.""","https://www.doe.gov.ph/about/contact","Metro Manila; national","https://www.doe.gov.ph/about/bureaus-and-services-functions","2026-10-06","medium","Interest, procurement, and outdoor or dark-sky lighting policy are unconfirmed. The division covers product standards.","opened"
"Estimating Philippine Night-Sky Brightness Using XGBoost and Satellite–Ground Observations","Department of Science and Technology - Philippine Atmospheric, Geophysical and Astronomical Services Administration","Space Science and Astronomy Section","validator","Whether observatory practice could inform a ground night-sky measurement protocol.","The opened astronomy page says PAGASA ""conducts stargazing and telescoping sessions"" and that requests go to the ""Space Science and Astronomy Section."" The opened mandate page also covers ""atmospheric, astronomical and other weather-related phenomena.""","https://www.pagasa.dost.gov.ph/contact-us","Metro Manila; national","https://pagasa.dost.gov.ph/astronomy","2026-10-06","medium","Interest and instrument records for sky brightness are unconfirmed. The page describes public observing sessions.","opened"
"Estimating Philippine Night-Sky Brightness Using XGBoost and Satellite–Ground Observations","University of the Philippines Diliman","Institute of Environmental Science and Meteorology","validator","Whether atmospheric and weather controls could be reviewed in a satellite-to-ground comparison.","The opened institute page says IESM is ""dedicated to advancing the study of human impacts on the environment, predicting weather and climate patterns, and managing atmospheric and hydro-meteorological hazards.""","https://iesm.science.upd.edu.ph/contact-us/","Metro Manila","https://iesm.science.upd.edu.ph/about/","2026-10-06","medium","Interest and a cloud-screening protocol for sky brightness are unconfirmed.","opened"
"Estimating Philippine Night-Sky Brightness Using XGBoost and Satellite–Ground Observations","Philippine Space Agency","Office of the President space program","validator","Whether satellite-data handling for a sky-brightness comparison could be reviewed. Ground brightness measurements are not claimed.","The opened mandate page assigns PhilSA to ""plan, develop, and promote the national space program"" and to promote ""resource-sharing for the utilization of spaceborne data.""","https://philsa.gov.ph/contact/","Metro Manila; national","https://philsa.gov.ph/philsa-mandate","2026-10-06","medium","Interest, data access, and any ground sky-brightness archive are unconfirmed. This review is separate from LGU growth forecasts.","opened"
"Estimating Philippine Night-Sky Brightness Using XGBoost and Satellite–Ground Observations","Quezon City Government","Climate Change and Environmental Sustainability Department","prospective adopter","Whether a validated local sky-quality estimate could inform city environmental decisions.","The opened department page assigns it to ""climate change mitigation and adaptation as well as environmental sustainability.""","https://quezoncity.gov.ph/departments/climate-change-and-environmental-sustainability-department/","Metro Manila","https://quezoncity.gov.ph/departments/climate-change-and-environmental-sustainability-department/","2026-10-06","medium","Interest and a lighting or sky-quality program are unconfirmed. This is separate from using radiance trends for LGU growth forecasts.","opened"
"Prioritizing Philippine Dark-Sky Conservation Sites Using NSGA-II and Nighttime-Light Trends","Department of Environment and Natural Resources","Biodiversity Management Bureau","prospective adopter; data partner","Whether protected-area planning criteria and protected-area information could be reviewed for site prioritization.","The opened page says the bureau ""is the lead agency of DENR in the conservation, protection, and sustainable management of biological diversity"" and describes the Protected Area Information System as ""A centralized platform for managing, monitoring, and reporting Protected Area information.""","https://pais.bmb.gov.ph/contact","Metro Manila; national","https://pais.bmb.gov.ph/about","2026-10-06","medium","Interest, polygon access, and any dark-sky criterion are unconfirmed.","opened"
"Prioritizing Philippine Dark-Sky Conservation Sites Using NSGA-II and Nighttime-Light Trends","Department of Science and Technology - Philippine Atmospheric, Geophysical and Astronomical Services Administration","Space Science and Astronomy Section","validator","Whether observing-site and visible-star criteria could be checked. This is not a satellite-to-ground brightness calibration.","The opened astronomical diary says ""the night sky presents a changing arrangement of stars, revealing constellations."" The opened astronomy page says the agency conducts stargazing and telescoping sessions.","https://www.pagasa.dost.gov.ph/contact-us","Metro Manila; national","https://pagasa.dost.gov.ph/astronomy/astronomical-diary","2026-10-06","medium","Interest and field checks of candidate sites are unconfirmed.","opened"
"Prioritizing Philippine Dark-Sky Conservation Sites Using NSGA-II and Nighttime-Light Trends","National Mapping and Resource Information Authority","Client services","data partner","Whether map layers could support geographic joins for candidate conservation sites.","The opened service page identifies NAMRIA as ""The Central Mapping Agency of the Government of the Philippines"" and offers digital products and certification services.","https://namria.gov.ph/kiosk/menu.htm","national","https://namria.gov.ph/kiosk/menu.htm","2026-10-06","medium","Interest, boundary rights, and protected-area polygon joins are unconfirmed. This is separate from LGU growth-forecast boundaries.","opened"
"Prioritizing Philippine Dark-Sky Conservation Sites Using NSGA-II and Nighttime-Light Trends","Philippine Space Agency","Office of the President space program","validator","Whether nighttime-light trend layers used to rank sites could be reviewed as spaceborne data.","The opened mandate page includes ""Hazard Management & Climate Studies"" and ""resource-sharing for the utilization of spaceborne data.""","https://philsa.gov.ph/contact/","Metro Manila; national","https://philsa.gov.ph/philsa-mandate","2026-10-06","medium","Interest, data access, and a dark-sky site layer are unconfirmed. This is separate from sky-brightness calibration and from LGU growth forecasts.","opened"
"Evaluating Urban Heat Alert Reliability Across Philippine Cities Using Conformalized XGBoost","Department of Science and Technology - Philippine Atmospheric, Geophysical and Astronomical Services Administration","National meteorological and hydrological service","data partner; validator","Whether station data, forecast timing, and heat-index information could be checked for a next-day alert comparison.","The opened mandate page says PAGASA will ""Provide adequate, up-to-date data, and timely information on atmospheric, astronomical and other weather-related phenomena"" and lists Heat Index among its products. It also covers assessments for ""disaster risk reduction"" and ""climate change adaptation.""","https://www.pagasa.dost.gov.ph/contact-us","Metro Manila; national","https://pagasa.dost.gov.ph/mandate-and-functions","2026-10-06","high","Interest, formal data release, and local threshold definitions are unconfirmed.","opened"
"Evaluating Urban Heat Alert Reliability Across Philippine Cities Using Conformalized XGBoost","Quezon City Government","Quezon City Disaster Risk Reduction and Management Office","prospective adopter","Whether false-alert and calibration evidence could be compared with the city's existing next-24-hour heat-index warning.","The opened forecast page is titled ""24-HR MAXIMUM HEAT INDEX FORECAST"" and says the next-24-hour heat index comes from ""datos ng iRISE-UP"" of QCDRRMO, with forecasts on app.IRISEUP.ph.","https://quezoncity.gov.ph/departments/quezon-city-disaster-and-risk-reduction-management-office/","Metro Manila","https://quezoncity.gov.ph/24-hr-maximum-heat-index-forecast/","2026-10-06","high","Interest, procurement, and access to the warning log are unconfirmed.","opened"
"Evaluating Urban Heat Alert Reliability Across Philippine Cities Using Conformalized XGBoost","Quezon City Government","Quezon City Health Department, Epidemiology and Surveillance Division","validator","Whether alert metrics could fit heat-illness monitoring. No health records are assumed.","The opened heat-action page names the ""QC Health Department – Epidemiology and Surveillance Division"" among the heat-action offices and describes ""health surveillance, monitoring, and reporting of heat-related illnesses."" The department page also says it uses ""research for disease and injury prevention.""","https://quezoncity.gov.ph/departments/city-healthdepartment/","Metro Manila","https://quezoncity.gov.ph/qc-beefs-up-action-vs-extreme-heat-designates-chief-heat-action-officers/","2026-10-06","high","Interest and any illness-record access are unconfirmed. Personal names on the page are not recorded here.","opened"
"Evaluating Urban Heat Alert Reliability Across Philippine Cities Using Conformalized XGBoost","Department of Education","Schools Division of Makati City","validator","Whether alert evidence could matter for school heat-safety decisions that already use heat-stress monitoring.","The opened PAGASA page says DOST-PAGASA and ""the Department of Education – Makati Schools Division have officially partnered to strengthen heat stress index monitoring"" with portable WBGT sensors in selected Makati schools.","https://www.deped.gov.ph/contact-us/regional-division-offices-directory/","Metro Manila","https://www.pagasa.dost.gov.ph/news-and-events/photo-gallery/74","2026-10-06","high","Interest and WBGT sensor-data access are unconfirmed. The division directory lists the office; personal names on that directory are not recorded here.","opened"
"Evaluating Philippine Urban Heat Alert Reliability Across ENSO Regimes Using Conformalized XGBoost","Department of Science and Technology - Philippine Atmospheric, Geophysical and Astronomical Services Administration","Climate monitoring","validator","Whether ENSO status and event-year labels could be checked before regime-stratified alert scores are interpreted.","The opened monitoring page is titled ""El Niño / La Niña Monitoring,"" shows a ""PAGASA ENSO Alert System Status,"" and states ""A moderate to strong El Niño is present in the Tropical Pacific.""","https://www.pagasa.dost.gov.ph/contact-us","Metro Manila; national","https://bagong.pagasa.dost.gov.ph/climate/el-nino-la-nina/monitoring","2026-10-06","medium","Interest, the index definition, station history, and revision of issued values are unconfirmed. This is separate from next-day heat-index threshold review.","opened"
"Evaluating Philippine Urban Heat Alert Reliability Across ENSO Regimes Using Conformalized XGBoost","Quezon City Government","Quezon City Disaster Risk Reduction and Management Office","prospective adopter","Whether regime-stratified false alerts would change decisions already based on the 24-hour heat-index warning.","The opened forecast page gives a ""24-HR MAXIMUM HEAT INDEX FORECAST"" from iRISE-UP. It does not mention ENSO.","https://quezoncity.gov.ph/departments/quezon-city-disaster-and-risk-reduction-management-office/","Metro Manila","https://quezoncity.gov.ph/24-hr-maximum-heat-index-forecast/","2026-10-06","medium","Interest and any ENSO-stratified use of the warning are unconfirmed. This is separate from checking the warning product itself.","opened"
"Evaluating Philippine Urban Heat Alert Reliability Across ENSO Regimes Using Conformalized XGBoost","Quezon City Government","Quezon City Health Department, Epidemiology and Surveillance Division","validator","Whether regime-specific alert performance would matter for heat-illness surveillance.","The opened heat-action page assigns the health department's epidemiology and surveillance division to ""health surveillance, monitoring, and reporting of heat-related illnesses."" It does not mention ENSO.","https://quezoncity.gov.ph/departments/city-healthdepartment/","Metro Manila","https://quezoncity.gov.ph/qc-beefs-up-action-vs-extreme-heat-designates-chief-heat-action-officers/","2026-10-06","medium","Interest, regime-specific health planning, and illness-record access are unconfirmed.","opened"
"Evaluating Philippine Urban Heat Alert Reliability Across ENSO Regimes Using Conformalized XGBoost","Quezon City Government","Climate Change and Environmental Sustainability Department","prospective adopter","Whether regime-specific alert results could inform seasonal climate-adaptation planning.","The opened department page assigns it to ""climate change mitigation and adaptation as well as environmental sustainability.""","https://quezoncity.gov.ph/departments/climate-change-and-environmental-sustainability-department/","Metro Manila","https://quezoncity.gov.ph/departments/climate-change-and-environmental-sustainability-department/","2026-10-06","medium","Interest and any ENSO or seasonal planning use are unconfirmed. This is separate from operating the heat warning.","opened"
"Estimating Population-Weighted Urban Heat Exposure Across Philippine Cities Using Spatial Random Forests","Quezon City Government","Climate Change and Environmental Sustainability Department","prospective adopter","Whether exposure maps could later help rank cooling or shade investments after ground validation.","The opened department page assigns it to climate-change adaptation and ""environmental sustainability.""","https://quezoncity.gov.ph/departments/climate-change-and-environmental-sustainability-department/","Metro Manila","https://quezoncity.gov.ph/departments/climate-change-and-environmental-sustainability-department/","2026-10-06","medium","Interest, shade or cooling programs, and ground validation are unconfirmed. This is separate from alert reliability.","opened"
"Estimating Population-Weighted Urban Heat Exposure Across Philippine Cities Using Spatial Random Forests","Quezon City Government","Quezon City Health Department","validator","Whether a population-weighted exposure estimate is meaningful for community health planning.","The opened department page says it ""protects and looks after the safety and health outcomes of all the communities in the City through education, policy-making, and research for disease and injury prevention.""","https://quezoncity.gov.ph/departments/city-healthdepartment/","Metro Manila","https://quezoncity.gov.ph/departments/city-healthdepartment/","2026-10-06","medium","Interest and health-record access are unconfirmed. The page does not define population-weighted heat exposure. This is separate from heat-alert surveillance.","opened"
"Estimating Population-Weighted Urban Heat Exposure Across Philippine Cities Using Spatial Random Forests","Department of Science and Technology - Philippine Atmospheric, Geophysical and Astronomical Services Administration","National meteorological and hydrological service","data partner; validator","Whether observations could check air temperature and humidity at the scale the exposure map claims.","The opened mandate page says PAGASA provides ""up-to-date data, and timely information on atmospheric"" phenomena.","https://www.pagasa.dost.gov.ph/contact-us","Metro Manila; national","https://pagasa.dost.gov.ph/mandate-and-functions","2026-10-06","medium","Interest, station access, and humidity at the exposure-map scale are unconfirmed. This is separate from ENSO labels and from next-day alert thresholds.","opened"
"Estimating Population-Weighted Urban Heat Exposure Across Philippine Cities Using Spatial Random Forests","Quezon City Government","City Planning and Development Department","prospective adopter","Whether an exposure ranking could enter the city's environmental and physical development plan.","The opened department page says ""The CPDD prepares plans for the social, economic, environment, physical, and institutional development of the City.""","https://quezoncity.gov.ph/departments/city-planning-and-development-department/","Metro Manila","https://quezoncity.gov.ph/departments/city-planning-and-development-department/","2026-10-06","medium","Interest and heat-exposure use in the comprehensive plan are unconfirmed. This is separate from green-access planning.","opened"
"Mapping Philippine Urban Green Access and Surface Heat Using Random Forest and Network Analysis","Quezon City Government","Parks Development and Administration Department","prospective adopter","Whether park and open-space access rankings could inform maintenance and siting of parks and playgrounds.","The opened department page says it ""identifies, develops, rehabilitates, and maintains open spaces, parks, playground, and other recreational public spaces.""","https://quezoncity.gov.ph/departments/parks-development-and-administration-department/","Metro Manila","https://quezoncity.gov.ph/departments/parks-development-and-administration-department/","2026-10-06","high","Interest, entrance inventories, and walk-route data are unconfirmed. Surface heat is not part of this office's stated mandate.","opened"
"Mapping Philippine Urban Green Access and Surface Heat Using Random Forest and Network Analysis","Quezon City Government","City Planning and Development Department","prospective adopter","Whether green-access rankings could enter physical and environmental development plans, including open-space questions in subdivision review.","The opened department page says it prepares plans for ""environment, physical, and institutional development"" and handles land-use and subdivision applications that refer to open space.","https://quezoncity.gov.ph/departments/city-planning-and-development-department/","Metro Manila","https://quezoncity.gov.ph/departments/city-planning-and-development-department/","2026-10-06","high","Interest and a walkable-network layer are unconfirmed. This is separate from using the same office for heat-exposure rankings.","opened"
"Mapping Philippine Urban Green Access and Surface Heat Using Random Forest and Network Analysis","Quezon City Government","Climate Change and Environmental Sustainability Department","prospective adopter","Whether a surface-heat layer could inform climate-adaptation and environmental-sustainability programs.","The opened department page assigns it to ""climate change mitigation and adaptation as well as environmental sustainability.""","https://quezoncity.gov.ph/departments/climate-change-and-environmental-sustainability-department/","Metro Manila","https://quezoncity.gov.ph/departments/climate-change-and-environmental-sustainability-department/","2026-10-06","medium","Interest and a surface-temperature program are unconfirmed. This is separate from park maintenance and from nighttime-light review.","opened"
"Mapping Philippine Urban Green Access and Surface Heat Using Random Forest and Network Analysis","Philippine Space Agency","Office of the President space program","validator","Whether spaceborne data handling for vegetation and surface-heat mapping could be reviewed.","The opened mandate page lists ""Hazard Management & Climate Studies"" and ""resource-sharing for the utilization of spaceborne data.""","https://philsa.gov.ph/contact/","Metro Manila; national","https://philsa.gov.ph/philsa-mandate","2026-10-06","medium","Interest, imagery access, and a vegetation or surface-temperature product are unconfirmed. This is separate from nighttime-light review.","opened"
"Assessing Post-Typhoon Nighttime Lighting Recovery Using VIIRS and Change-Point Detection","Quezon City Government","Quezon City Disaster Risk Reduction and Management Office","prospective adopter","Whether an observed lighting change after a typhoon could be treated as a disaster situational signal. Lighting change is not economic recovery.","The opened office page cites ""Republic Act 10121, or the Philippine Disaster Risk Reduction and Management Act of 2010,"" and a focus on ""mitigation, preparedness, and prevention,"" and says the city council was established ""to address local disaster needs.""","https://quezoncity.gov.ph/departments/quezon-city-disaster-and-risk-reduction-management-office/","Metro Manila","https://quezoncity.gov.ph/departments/quezon-city-disaster-and-risk-reduction-management-office/","2026-10-06","medium","Interest and any lighting or power-restoration report are unconfirmed. This is separate from the heat-index warning.","opened"
"Assessing Post-Typhoon Nighttime Lighting Recovery Using VIIRS and Change-Point Detection","Philippine Space Agency","Office of the President space program","validator","Whether spaceborne data and hazard applications could be used to review a post-event radiance change. This is not an economic-recovery estimate.","The opened mandate page says the Philippines will ""develop and utilize space S&T applications to enhance its hazard management and disaster mitigation strategy"" and promotes use of ""spaceborne data.""","https://philsa.gov.ph/contact/","Metro Manila; national","https://philsa.gov.ph/philsa-mandate","2026-10-06","medium","Interest, data access, and a lighting-recovery product are unconfirmed. This is separate from green-cover or sky-brightness review.","opened"
"Assessing Post-Typhoon Nighttime Lighting Recovery Using VIIRS and Change-Point Detection","Department of Science and Technology - Philippine Atmospheric, Geophysical and Astronomical Services Administration","Tropical cyclone services","validator","Whether official typhoon information could date impact windows. The lighting series is not a damage or economic-loss estimate.","The opened mandate page says PAGASA helps government prepare for ""calamities caused by typhoons, floods, landslides, storm surges, extreme climatic events, and climate change.""","https://www.pagasa.dost.gov.ph/contact-us","Metro Manila; national","https://pagasa.dost.gov.ph/mandate-and-functions","2026-10-06","medium","Interest and a matched impact-area archive are unconfirmed. This is separate from heat-index and ENSO review.","opened"
"Assessing Post-Typhoon Nighttime Lighting Recovery Using VIIRS and Change-Point Detection","Department of Energy","Department mandate for energy distribution","prospective adopter","Whether a post-typhoon lighting change should be read as electricity restoration rather than economic recovery.","The opened portal says the department is responsible for government activities on energy ""utilization, distribution and conservation."" The same opened portal reports that household lights were being restored after typhoons Tino and Uwan (""naaayos ang ilaw ng mga nasalantang kabahayan"").","https://www.doe.gov.ph/about/contact","Metro Manila; national","https://www.doe.gov.ph/","2026-10-06","medium","Interest, utility restoration logs, and any satellite-lighting comparison are unconfirmed. The restoration item is a news feature, not a standing satellite program.","opened"
