year,country,lat,lon
2024,Philippines,14.649178161060398,121.1022780621073
2024,Philippines,14.5176184,121.0508645
2024,Philippines,14.5176184,121.0508645
2024,Philippines,16.4023332,120.5960071
2023,Philippines,13.8152875,120.9082031
2023,Philippines,0.0,0.0
2023,Philippines,10.313,123.905
2023,Philippines,10.2375,123.838
2022,Philippines,14.5064,121.189
2022,Philippines,14.3986,120.987
2022,Philippines,14.3985,120.987
2022,Philippines,14.074,121.325
2022,Philippines,14.074,121.325
2022,Philippines,14.5716,121.031
2022,Philippines,14.5623,121.053
2022,Philippines,14.5752,121.029
2022,Philippines,14.5716,121.031
2022,Philippines,14.6012,121.172
2021,Philippines,14.0741,121.325
2021,Philippines,14.4793,121.02
2021,Philippines,14.4793,121.02
2021,Philippines,14.4793,121.02
2021,Philippines,14.4793,121.02
2021,Philippines,14.4793,121.02
2021,Philippines,14.5995,120.984
2021,Philippines,14.5517,120.971
2021,Philippines,14.5998,120.987
2021,Philippines,16.0085,120.347
2021,Philippines,16.0044,120.655
2021,Philippines,15.9955,120.594
2021,Philippines,14.0739,121.325
2021,Philippines,14.0738,121.325
2021,Philippines,14.0738,121.325
2021,Philippines,14.0739,121.325
2021,Philippines,14.0739,121.325
2021,Philippines,14.074,121.325
2021,Philippines,14.8187,120.991
2021,Philippines,14.0739,121.325
2021,Philippines,14.3712,121.035
2021,Philippines,14.0739,121.325
2021,Philippines,14.0739,121.325
2021,Philippines,14.0739,121.325
2021,Philippines,14.0738,121.325
2021,Philippines,14.0739,121.325
2021,Philippines,14.0739,121.325
2021,Philippines,14.0739,121.325
2021,Philippines,14.0739,121.325
2021,Philippines,14.0739,121.325
2021,Philippines,14.0739,121.325
2021,Philippines,14.0739,121.325
2021,Philippines,14.0738,121.325
2021,Philippines,14.0738,121.325
2021,Philippines,14.0738,121.325
2021,Philippines,14.0739,121.325
2021,Philippines,14.0739,121.325
2020,Philippines,14.0739,121.325
2020,Philippines,14.074,121.325
2020,Philippines,14.0739,121.325
2020,Philippines,14.0739,121.325
2020,Philippines,14.074,121.325
2020,Philippines,14.074,121.325
2020,Philippines,14.0739,121.325
2020,Philippines,14.0739,121.325
2020,Philippines,14.0739,121.325
2020,Philippines,14.0739,121.325
2020,Philippines,14.0738,121.325
2020,Philippines,14.0739,121.325
2020,Philippines,14.0738,121.325
2020,Philippines,14.0739,121.325
2020,Philippines,14.0738,121.325
2020,Philippines,14.0739,121.325
2020,Philippines,14.0739,121.325
2020,Philippines,14.0739,121.325
2020,Philippines,14.0739,121.325
2020,Philippines,14.0739,121.325
2020,Philippines,14.0738,121.325
2020,Philippines,14.074,121.325
2020,Philippines,14.0738,121.325
2020,Philippines,14.074,121.325
2020,Philippines,14.0739,121.325
2020,Philippines,14.074,121.325
2020,Philippines,14.0739,121.325
2020,Philippines,14.0739,121.325
2020,Philippines,14.0739,121.325
2020,Philippines,14.0738,121.325
2020,Philippines,14.0738,121.325
2020,Philippines,14.0738,121.325
2020,Philippines,14.0739,121.325
2020,Philippines,14.0736,121.325
2020,Philippines,14.0738,121.325
2020,Philippines,14.0737,121.325
2020,Philippines,14.0737,121.325
2020,Philippines,14.0739,121.325
2020,Philippines,14.074,121.325
2020,Philippines,14.3455,121.007
2020,Philippines,14.0739,121.325
2020,Philippines,14.0739,121.325
2020,Philippines,14.074,121.325
2020,Philippines,14.0739,121.325
2020,Philippines,14.0739,121.325
2020,Philippines,14.3455,121.007
2020,Philippines,14.074,121.325
2020,Philippines,14.3455,121.007
2020,Philippines,14.074,121.325
2020,Philippines,14.3455,121.007
2020,Philippines,14.0738,121.325
2020,Philippines,14.3455,121.007
2020,Philippines,14.3455,121.007
2020,Philippines,14.0738,121.325
2020,Philippines,14.0738,121.325
2020,Philippines,14.3455,121.007
2020,Philippines,14.3455,121.007
2020,Philippines,14.074,121.325
2020,Philippines,14.3455,121.007
2020,Philippines,14.3455,121.007
2020,Philippines,14.0739,121.325
2020,Philippines,14.3455,121.007
2020,Philippines,14.074,121.325
2020,Philippines,14.3455,121.007
2020,Philippines,14.4168,120.994
2020,Philippines,14.3455,121.007
2020,Philippines,14.3455,121.007
2020,Philippines,14.3455,121.007
2020,Philippines,14.3455,121.007
2020,Philippines,14.0738,121.325
2020,Philippines,14.0739,121.325
2020,Philippines,14.3455,121.007
2020,Philippines,14.0739,121.325
2020,Philippines,14.3455,121.007
2020,Philippines,14.0739,121.325
2020,Philippines,14.3455,121.007
2020,Philippines,14.0741,121.325
2020,Philippines,14.0738,121.325
2020,Philippines,14.3455,121.007
2020,Philippines,14.3455,121.007
2020,Philippines,14.0739,121.325
2020,Philippines,14.3455,121.007
2020,Philippines,14.3455,121.007
2020,Philippines,14.0739,121.325
2020,Philippines,14.0739,121.325
2020,Philippines,14.3455,121.007
2020,Philippines,14.3455,121.007
2020,Philippines,14.0738,121.325
2020,Philippines,14.37,121.034
2020,Philippines,14.3455,121.007
2020,Philippines,14.37,121.034
2020,Philippines,14.37,121.034
2020,Philippines,14.0739,121.325
2020,Philippines,14.3455,121.007
2020,Philippines,14.0646,121.319
2020,Philippines,14.3455,121.007
2020,Philippines,14.0739,121.325
2020,Philippines,14.3455,121.007
2020,Philippines,14.3455,121.007
2020,Philippines,14.3455,121.007
2020,Philippines,14.0739,121.325
2020,Philippines,14.3455,121.007
2020,Philippines,14.0739,121.325
2020,Philippines,14.0739,121.325
2020,Philippines,14.3455,121.007
2020,Philippines,14.3455,121.007
2020,Philippines,14.0739,121.325
2020,Philippines,14.3455,121.007
2020,Philippines,14.0739,121.325
2020,Philippines,14.0739,121.325
2020,Philippines,14.0738,121.325
2020,Philippines,14.074,121.325
2020,Philippines,14.0739,121.325
2020,Philippines,14.0739,121.325
2020,Philippines,14.074,121.325
2020,Philippines,14.0738,121.325
2020,Philippines,14.0739,121.325
2020,Philippines,14.0739,121.325
2020,Philippines,14.0739,121.325
2020,Philippines,14.0738,121.325
2020,Philippines,14.0738,121.325
2020,Philippines,14.074,121.325
2020,Philippines,14.074,121.325
2020,Philippines,14.074,121.325
2020,Philippines,14.0739,121.325
2020,Philippines,14.0739,121.325
2020,Philippines,14.074,121.325
2020,Philippines,14.0739,121.325
2020,Philippines,14.074,121.325
2020,Philippines,14.0741,121.325
2020,Philippines,14.074,121.325
2020,Philippines,14.0739,121.325
2020,Philippines,14.0739,121.325
2020,Philippines,14.0739,121.325
2020,Philippines,14.074,121.325
2020,Philippines,14.0739,121.325
2020,Philippines,14.0739,121.325
2020,Philippines,14.074,121.325
2020,Philippines,14.0739,121.325
2020,Philippines,14.074,121.325
2020,Philippines,14.074,121.325
2020,Philippines,14.074,121.325
2020,Philippines,14.074,121.325
2020,Philippines,14.074,121.325
2020,Philippines,14.37,121.034
2020,Philippines,14.074,121.325
2020,Philippines,14.37,121.034
2020,Philippines,14.37,121.034
2020,Philippines,14.37,121.034
2020,Philippines,14.37,121.034
2020,Philippines,14.37,121.034
2020,Philippines,14.0739,121.325
2020,Philippines,14.0739,121.325
2020,Philippines,14.074,121.325
2020,Philippines,14.37,121.034
2020,Philippines,14.074,121.325
2020,Philippines,13.4716,120.803
2020,Philippines,14.0738,121.325
2020,Philippines,14.074,121.325
2020,Philippines,14.0738,121.325
2020,Philippines,14.074,121.325
2020,Philippines,14.0739,121.325
2020,Philippines,14.074,121.325
2020,Philippines,14.074,121.325
2020,Philippines,14.074,121.325
2020,Philippines,14.0739,121.325
2020,Philippines,14.3699,121.034
2020,Philippines,14.074,121.325
2020,Philippines,14.0739,121.325
2020,Philippines,14.074,121.325
2020,Philippines,14.0739,121.325
2020,Philippines,14.0739,121.325
2020,Philippines,14.0739,121.325
2020,Philippines,14.0741,121.325
2020,Philippines,14.0739,121.325
2020,Philippines,14.0738,121.325
2020,Philippines,14.3699,121.034
2020,Philippines,14.074,121.325
2020,Philippines,14.3698,121.034
2020,Philippines,14.0739,121.325
2020,Philippines,14.3698,121.034
2020,Philippines,14.0739,121.325
2020,Philippines,14.3699,121.034
2020,Philippines,14.0739,121.325
2020,Philippines,14.3699,121.034
2020,Philippines,14.074,121.325
2020,Philippines,14.0739,121.325
2020,Philippines,14.3698,121.034
2020,Philippines,14.0738,121.325
2020,Philippines,14.3699,121.034
2020,Philippines,14.0738,121.325
2020,Philippines,14.0738,121.325
2020,Philippines,14.0738,121.325
2020,Philippines,14.0738,121.325
2020,Philippines,14.3698,121.034
2020,Philippines,14.3697,121.034
2020,Philippines,14.0738,121.325
2020,Philippines,14.3736,121.038
2017,Philippines,10.5518,123.202
2017,Philippines,10.5518,123.202
2017,Philippines,16.4702,120.591
2017,Philippines,18.6462,119.531
2016,Philippines,14.5995,120.984
2016,Philippines,14.18,121.254
2016,Philippines,14.7566,121.045
2016,Philippines,11.5836,124.475
2016,Philippines,6.92455,126.281
2016,Philippines,7.10672,125.641
2016,Philippines,10.2907,123.872
2016,Philippines,7.10695,125.641
2015,Philippines,7.10689,125.641
2015,Philippines,7.10681,125.641
2015,Philippines,13.0791,120.721
2015,Philippines,14.4961,121.01
2015,Philippines,12.8797,121.774
2015,Philippines,12.8797,121.774
2015,Philippines,8.20062,124.266
2014,Philippines,14.0527,120.661
2014,Philippines,14.5995,120.984
2014,Philippines,14.4346,120.952
2014,Philippines,14.5946,121.028
2014,Philippines,14.5946,121.028
2014,Philippines,14.676,121.044
2013,Philippines,14.6123,120.976
2013,Philippines,14.5947,121.028
2013,Philippines,14.5534,120.983
2013,Philippines,14.5995,120.984
2013,Philippines,14.626,120.972
2013,Philippines,14.626,120.972
2013,Philippines,14.636,121.078
2012,Philippines,14.6348,121.042
2012,Philippines,14.6425,121.038
2012,Philippines,14.6351,121.043
2012,Philippines,11.0253,124.601
2012,Philippines,14.5445,121.019
2012,Philippines,13.1427,123.733
2012,Philippines,14.6207,120.993
2011,Philippines,14.5981,121.117
2011,Philippines,13.7519,121.072
2011,Philippines,14.5055,121.024
2011,Philippines,14.6565,121.069
2011,Philippines,14.5825,120.979
2011,Philippines,14.6484,121.07
2011,Philippines,14.2981,121.46
2011,Philippines,14.6391,120.982
2011,Philippines,14.6296,121.042
2011,Philippines,14.6484,121.069
2011,Philippines,14.6487,121.073
2011,Philippines,14.6487,121.073
2011,Philippines,14.6283,121.039
2010,Philippines,14.6369,121.077
2010,Philippines,14.4908,120.888
2010,Philippines,14.6302,121.236
2010,Philippines,14.6039,121.141
2010,Philippines,14.6369,121.077
2010,Philippines,14.6414,121.035
2010,Philippines,14.6414,121.035
2010,Philippines,14.6414,121.035
2009,Philippines,10.3709,123.951
2008,Philippines,14.65,121.05
2008,Philippines,14.65,121.05
2008,Philippines,14.25,121.05
2008,Philippines,14.65,121.05
2008,Philippines,14.65,121.05
2008,Philippines,14.65,121.05
2008,Philippines,14.65,121.05
2007,Philippines,14.61,121.01
2007,Philippines,14.5,120.99
