USAF,WBAN,STATION NAME,CTRY,STATE,ICAO,LAT,LON,ELEV(M),BEGIN,END
691764,99999,CLARK INTL,RP,,,+15.183,+120.567,+0148.0,19850311,20030611
691854,99999,VILLAMOR,RP,,,+14.517,+121.017,+0023.0,19830314,20001020
692004,99999,EDWIN ANDREWS AB,RP,,,+06.933,+122.067,+0010.1,19770313,20010822
697054,99999,TACLOBAN,RP,,,+11.233,+125.033,+0003.0,19840823,19991227
697134,99999,ILOILO,RP,,,+10.717,+122.533,+0008.0,19840322,20020525
697174,99999,MACTAN CEBU INTL,RP,,,+10.317,+123.950,+0009.0,19920727,19920727
697194,99999,ORMOC,RP,,,+11.067,+124.567,+0025.0,19870517,20080609
698074,99999,GUIUAN,RP,,,+11.033,+125.750,+0006.4,19840907,19990228
749306,99999,SANGA SANGA,RP,,RPMN,+05.047,+119.743,+0004.6,19450426,19450809
749315,99999,GUIUAN PHILIPPINES,RP,,,+11.033,+125.716,+0008.0,19450116,19450822
981320,99999,ITBAYAT,RP,,,+20.800,+121.850,+0124.0,19730101,20250824
981330,99999,CALAYAN,RP,,,+19.267,+121.467,+0013.0,19490826,20250824
981340,99999,BASCO RADAR,RP,,,+20.433,+121.967,+0167.0,20020201,20250824
981350,99999,BASCO,RP,,RPUO,+20.451,+121.980,+0088.7,19490101,19971231
981360,99999,BASCO RADAR,RP,,,+20.433,+121.950,+0167.0,19990419,20020513
982220,99999,VIGAN,RP,,RPUQ,+17.555,+120.356,+0004.9,19490101,20250824
982230,99999,LAOAG INTL,RP,,RPLI,+18.178,+120.532,+0007.6,19450331,20250824
982310,99999,APARRI RADAR,RP,,,+18.367,+121.617,-0999.9,19990327,20000512
982320,99999,APARRI,RP,,RPUA,+18.367,+121.633,+0003.0,19450804,20250824
982330,99999,TUGUEGARAO,RP,,RPUT,+17.638,+121.731,+0021.3,19490101,20250824
983210,99999,STO. TOMAS,RP,,,+16.350,+120.567,+2256.0,19800818,19971026
983220,99999,CROW VALLEY GUNNERY RANGE,RP,,,+15.317,+120.383,+0161.0,19750212,20030102
983230,99999,NAULA POINT,RP,,,+15.700,+119.967,+0005.0,19730608,20050615
983240,99999,IBA/LUZON ISLAND,RP,,RPUI,+15.333,+119.967,+0005.0,19490104,20250824
983250,99999,DAGUPAN,RP,,RPUG,+16.083,+120.350,+0002.0,19450119,20250824
983260,99999,BASA AB,RP,,RPUF,+14.983,+120.483,+0046.0,19450419,20250415
983275,99999,CLARK INTL,RP,,,+15.183,+120.550,+0151.0,20001119,20081231
983280,99999,BAGUIO,RP,,RPUB,+16.375,+120.620,+1295.7,19490101,20250824
983290,99999,MUNOZ,RP,,,+15.733,+120.933,+0076.0,19490101,19971231
983300,99999,CABANATUAN,RP,,,+15.467,+120.950,+0032.0,19900901,19971231
983330,99999,BALER,RP,,RPUR,+15.730,+121.500,+0032.9,19490101,19971113
983340,99999,BALER RADAR,RP,,,+15.750,+121.633,+0178.0,19950402,20250824
983360,99999,CASIGURAN,RP,,,+16.267,+122.133,+0004.0,19490101,20250824
984235,99999,MAMBURAO,RP,,RPUM,+13.217,+120.600,+0004.0,19841128,19850111
984250,99999,MANILA,RP,,,+14.583,+120.983,+0013.0,19780705,20231201
984260,41231,SUBIC BAY WEATHER,RP,,RPLB,+14.800,+120.267,+0019.0,19450209,20250824
984260,99999,SUBIC BAY INTL,RP,,RPLB,+14.794,+120.271,+0019.5,20000101,20041231
984270,99999,TAYABAS,RP,,,+14.017,+121.600,+0158.0,19730101,20250824
984280,41224,SANGLEY POINT,RP,,RPLS,+14.500,+120.900,+0004.0,19460930,19971224
984280,99999,SANGLEY POINT AB,RP,,RPLS,+14.495,+120.904,+0002.4,20000101,20250824
984290,99999,NINOY AQUINO INTL,RP,,RPLL,+14.509,+121.020,+0022.9,19450331,20250824
984295,99999,NICHOLS AB,RP,,RPAF,+14.517,+121.017,+0023.0,19730620,19850916
984300,99999,SCIENCE GARDEN,RP,,,+14.650,+121.050,+0046.0,19450228,20250824
984310,99999,CALAPAN/MINDORO ISL,RP,,RPUK,+13.417,+121.183,+0041.0,19490112,20250824
984320,99999,AMBULONG,RP,,,+14.083,+121.050,+0011.0,19490205,20250824
984330,99999,TANAY,RP,,,+14.583,+121.367,+0651.0,19490101,20250824
984340,99999,INFANTA,RP,,,+14.750,+121.650,+0007.0,19490101,20250824
984350,99999,ALABAT,RP,,,+14.100,+122.017,+0005.0,19730113,20250824
984360,99999,FERNANDO AB,RP,,RPUL,+13.955,+121.125,+0371.9,20020601,20020601
984370,99999,SAN FRANCISCO,RP,,,+13.367,+122.517,+0045.0,19490102,19971218
984375,99999,MARINDUQUE,RP,,RPUW,+13.361,+121.826,+0009.8,19450725,19910314
984380,99999,JOMALIG / QUEZON,RP,,RPLJ,+14.700,+122.333,-0999.9,20020721,20041222
984390,99999,DAET/BAGASBAS,RP,,,+14.117,+122.950,+0010.0,19490101,19830309
984400,99999,DAET,RP,,RPUD,+14.129,+122.980,+0003.0,19740201,20250824
984420,99999,PILI,RP,,,+13.583,+123.267,+0035.0,19911201,20230805
984425,99999,NAGA,RP,,RPUN,+13.585,+123.270,+0043.3,19840924,19910106
984440,99999,LEGAZPI,RP,,RPLP,+13.157,+123.746,+0020.1,19450503,20250824
984460,99999,VIRAC,RP,,RPUV,+13.576,+124.206,+0036.9,19490102,20250824
984470,99999,CATANDUANES RADAR,RP,,,+13.654,+124.341,+0233.0,19730101,19971220
985260,99999,CORON,RP,,,+12.217,+120.200,+0060.0,19490121,20250824
985310,99999,SAN JOSE,RP,,RPUH,+12.362,+121.047,+0004.3,19450717,20250824
985360,99999,ROMBLON,RP,,,+12.583,+122.283,+0047.0,19490101,20250824
985361,41231,CUBI POINT NAVAL AIR STATION,RP,,RPMB,+14.800,+120.267,+0018.3,20160517,20160517
985370,99999,KALIBO/AKLAN,RP,,RPVK,+11.683,+122.383,+0006.0,20151022,20250824
985375,99999,KALIBO/PANAY ISLAND,RP,,RPVK,+11.683,+122.367,+0007.0,19841210,19850111
985380,99999,ROXAS,RP,,RPVR,+11.598,+122.752,+0003.0,19490126,20250824
985430,99999,MASBATE,RP,,RPVJ,+12.369,+123.629,+0007.9,19490104,20250824
985450,99999,CALBAYOG/WESTERN,RP,,RPVC,+12.067,+124.533,+0003.0,20101030,20171216
985455,99999,CALBAYOG/SAMAR ISL,RP,,RPVC,+12.083,+124.550,+0003.0,19841210,19850111
985460,99999,CATARMAN,RP,,RPVF,+12.502,+124.636,+0001.8,19490101,20250824
985480,99999,CATBALOGAN,RP,,RPVY,+11.783,+124.883,+0005.0,19730101,20250824
985500,99999,DANIEL Z ROMUALDEZ,RP,,RPVA,+11.228,+125.028,+0003.0,19441022,20241124
985530,99999,BORONGAN,RP,,RPVW,+11.667,+125.450,+0003.0,19590101,20250824
985580,99999,GUIUAN,RP,,RPVG,+11.036,+125.742,+0002.1,19740103,20250824
986020,99999,NANSHAN ISLAND,RP,,,+10.720,+115.820,+0000.0,19830813,20101103
986180,99999,PUERTO PRINCESA,RP,,RPVP,+09.742,+118.759,+0021.6,19450331,20250824
986300,99999,CUYO,RP,,RPLO,+10.850,+121.000,+0004.0,19490106,20250824
986395,99999,BACOLOD/NEGROS ISL,RP,,RPVB,+10.650,+122.933,+0006.0,19840926,19850111
986420,99999,DUMAGUETE,RP,,RPVD,+09.334,+123.300,+0004.6,19490101,20250824
986440,99999,TAGBILARAN,RP,,RPVT,+09.664,+123.853,+0011.6,19730101,20250824
986445,99999,MEDILLIN-CEBU,RP,,RPVN,+11.160,+123.950,+0015.0,20110404,20170602
986450,99999,LAHUG,RP,,,+10.333,+123.900,+0035.0,19490101,19780802
986460,99999,MACTAN CEBU INTL,RP,,RPVM,+10.308,+123.979,+0009.4,19650731,20250824
986480,99999,MAASIN,RP,,RPSM,+10.133,+124.867,+0072.0,19730727,20250824
986530,99999,SURIGAO,RP,,RPMS,+09.783,+125.483,+0055.0,19490102,20250824
986545,99999,TANDAG,RP,,RPMW,+09.072,+126.171,+0004.9,19841210,19850111
987410,99999,DIPOLOG,RP,,RPMG,+08.601,+123.334,+0003.7,19590101,20250824
987420,99999,PAGADIAN,RP,,RPMP,+07.827,+123.458,+0001.5,20200325,20200505
987425,99999,PAGADIAN/MINDANAO,RP,,RPWP,+07.833,+123.450,+0002.0,19840926,19900921
987430,99999,ILIGAN,RP,,RPMI,+08.130,+124.215,+0396.2,20210609,20210609
987445,99999,OZAMIS/MISAMIS,RP,,RPWI,+08.167,+123.850,+0010.0,19840926,19850111
987450,99999,MALABANG,RP,,RPMM,+07.617,+124.059,+0008.0,20181023,20181023
987455,99999,MALABANG,RP,,RPWM,+07.617,+124.050,+0008.0,19440914,19840926
987460,99999,COTOBATO,RP,,RPMC,+07.167,+124.217,+0062.0,19490101,20250824
987461,99999,COTABATO/MINDANAO,RP,,RPWC,+07.233,+124.250,+0017.0,19840912,19850111
987470,99999,LUMBIA AIRPORT,RP,,,+08.417,+124.617,+0188.0,19770401,20231217
987480,99999,CAGAYAN DE ORO,RP,,RPML,+08.483,+124.650,+0006.0,19490101,20210207
987495,99999,DEL MONTE PLANTATION AIRSTRIP,RP,,RPMT,+08.348,+124.851,+0579.7,20221006,20221006
987510,99999,MALAYBALAY,RP,,RPMY,+08.150,+125.133,+0627.0,19490101,20250824
987520,99999,BUTUAN,RP,,RPME,+08.950,+125.483,+0046.0,19810101,20250824
987530,99999,FRANCISCO BANGOY INTL,RP,,RPMD,+07.126,+125.646,+0029.3,19740601,20250824
987540,99999,DAVAO,RP,,,+07.067,+125.600,+0019.0,19490101,19751111
987550,99999,HINATUAN,RP,,,+08.367,+126.333,+0003.0,19491001,20250824
988300,99999,JOLO,RP,,RPMJ,+06.050,+121.000,+0013.0,19490101,19900921
988360,99999,ZAMBOANGA INTL,RP,,RPMZ,+06.922,+122.060,+0010.1,19450312,20250824
988485,99999,ALLAH VALLEY,RP,,RPMA,+06.367,+124.751,+0200.9,19840926,20191215
988510,41231,CUBI POINT NAVAL AIR STATION,RP,,RPMB,+14.800,+120.267,+0018.3,20050101,20250824
988510,99999,GEN. SANTOS,RP,,RPMB,+06.050,+125.100,+0133.0,19730101,19971230
999999,41224,SANGLEY POINT,RP,,RPMS,+14.500,+120.917,+0002.1,19470101,19631231
999999,41225,SAN JOSE,RP,,,+12.600,+121.000,+0004.0,19450514,19450917
999999,41226,LEYTE GULF NF,RP,,RLTE,+11.067,+125.033,+0004.0,19450731,19450829
999999,41227,MANILA NF,RP,,,+14.600,+121.000,+0004.0,19451231,19460131
999999,41228,MANILA NF,RP,,,+14.600,+121.000,+0032.9,19460630,19470123
999999,41229,MANILA,RP,,,+14.550,+120.983,+0004.0,19470131,19470630
999999,41230,OLONGAPO,RP,,ROLP,+14.817,+120.283,+0004.0,19500110,19550729
999999,41231,CUBI POINT NF,RP,,RPLB,+14.800,+120.267,+0014.0,19550731,19721231
