field,card,dataset_name,official_url,license_text,documented_size,observation_unit,philippine_rows,registration_steps,access_note
psychology,1,"TIMSS 2019 International Database, Grade 4 public-use files",https://timss2019.org/international-database/,"Opened page: All publications and released items by TIMSS, PIRLS, and IEA, as well as translations thereof, are for non-commercial, educational, and research purposes only.","Opened page labels TIMSS 2019 SPSS Data - Grade 4 (781 MB). 64 countries and 8 benchmarking participants is a catalog figure, not an eligible count.",student response in the Grade 4 public-use file,named on the opened page,"None. The opened page links SPSS, SAS, and SAS export downloads. No account step is named. The data file was not downloaded.",Noncommercial. Opened user guide and Supplement 3 do not name belonging or bullying items. The only belong hit is the phrase the item block to which it belongs. Not a passing file for a belonging model.
psychology,1,PISA 2022 database,page did not open,license page not opened,page did not open,page did not open,page did not open,page did not open,https://www.oecd.org/en/data/datasets/pisa-2022-database.html returned HTTP 403. Not a passing file.
psychology,1,Philippines Global School-Based Student Health Survey 2019,https://extranet.who.int/ncdsmicrodata/index.php/catalog/944,"Opened study description: to use the data for non-commercial, not-for-profit public health purposes only. Opened get-microdata terms: The data will be used for statistical and scientific research purposes only. They will be used solely for reporting of aggregated information, and not for investigation of specific individuals or organizations.","Opened data dictionary: PHL2019 national dataset, 10175 cases, 104 variables. Catalog figure, not an eligible count.",school-going adolescent aged 13-17 years,named on the opened page,Opened get-microdata page shows terms and an Accept button that posts to the data retrieval process. A Login link is on the page. Accept was not submitted. The microdata file was not downloaded.,Noncommercial. Opened variable list does not name a belonging item. q54 is labeled Other students kind and helpful. Not a passing file for card 1.
psychology,2,"TIMSS 2019 International Database, Grade 4 public-use files",https://timss2019.org/international-database/,"Opened page: All publications and released items by TIMSS, PIRLS, and IEA, as well as translations thereof, are for non-commercial, educational, and research purposes only.","Opened page labels TIMSS 2019 SPSS Data - Grade 4 (781 MB). 64 countries and 8 benchmarking participants is a catalog figure, not an eligible count.",student response in the Grade 4 public-use file,named on the opened page,"None. The opened page links SPSS, SAS, and SAS export downloads. No account step is named. The data file was not downloaded.",Noncommercial. Opened user guide and Supplement 3 do not name bullying items. Philippines is on the Grade 4 list and not on the Grade 8 list. Not a passing file for a bullying classifier.
psychology,2,Philippines Global School-Based Student Health Survey 2019,https://extranet.who.int/ncdsmicrodata/index.php/catalog/944,"Opened study description: to use the data for non-commercial, not-for-profit public health purposes only. Opened get-microdata terms: The data will be used for statistical and scientific research purposes only. They will be used solely for reporting of aggregated information, and not for investigation of specific individuals or organizations.","Opened data dictionary: PHL2019 national dataset, 10175 cases, 104 variables. Catalog figure, not an eligible count.",school-going adolescent aged 13-17 years,named on the opened page,Opened get-microdata page shows terms and an Accept button that posts to the data retrieval process. A Login link is on the page. Accept was not submitted. The microdata file was not downloaded.,"Noncommercial. Passing school-survey file. Opened variable list names q76 Bullied at school, q77 Bullied outside school, and q79 Cyber bullied. Variable list: https://extranet.who.int/ncdsmicrodata/index.php/catalog/944/data-dictionary/F5?file_name=PHL2019"
psychology,3,Philippines Global School-Based Student Health Survey 2019,https://extranet.who.int/ncdsmicrodata/index.php/catalog/944,"Opened study description: to use the data for non-commercial, not-for-profit public health purposes only. Opened get-microdata terms: The data will be used for statistical and scientific research purposes only. They will be used solely for reporting of aggregated information, and not for investigation of specific individuals or organizations.","Opened data dictionary: PHL2019 national dataset, 10175 cases, 104 variables. Catalog figure, not an eligible count.",school-going adolescent aged 13-17 years,named on the opened page,Opened get-microdata page shows terms and an Accept button that posts to the data retrieval process. A Login link is on the page. Accept was not submitted. The microdata file was not downloaded.,"Noncommercial. Passing school-survey file for card 3. Opened variable list names q76 Bullied at school, q77 Bullied outside school, and q79 Cyber bullied."
psychology,3,World Bank current classification by income,https://datahelpdesk.worldbank.org/knowledgebase/articles/906519-world-bank-country-and-lending-groups,license page not opened,"CLASS_2026_07_15.xlsx Content-Length 74013 bytes on the opened download response. File size, not an eligible count.",economy income group,named on the opened page,None. The opened page says you can download the current classification by income in XLSX format. GET https://ddh-openapi.worldbank.org/resources/DR0095333/download returned HTTP 200 with filename CLASS_2026_07_15.xlsx. The file was not saved.,"Passing public income classification. The opened page lists Philippines under upper-middle-income economies ($4,636 to $14,375)."
astronomy,1,Globe at Night citizen observations,https://globeatnight.org/maps-data/,Globe at Night data is made available under a Creative Commons Attribution 4.0 International License.,"2025 Results: 13421 total observations; catalog figure, not an eligible count.",one citizen night-sky observation,not named on the opened page,"The opened maps page does not mention an account, login, or registration. It links a 2025 CSV at https://globeatnight.org/documents/1190/GaN2025.csv.",The page states that observations are available to download and shows a CSV link. A header request for that CSV returned HTTP 302. The file body was not downloaded. CC BY 4.0 allows commercial use and is not a noncommercial license.
astronomy,1,Earth Observation Group VIIRS Nighttime Light,https://eogdata.mines.edu/products/vnl/,"The Earth Observation Group (EOG), Payne Institute for Public Policy, Colorado School of Mines, makes many of their datasets publicly available under the Creative Commons Attribution 4.0 International license (CC-BY 4.0). These include the DMSP nighttime lights, VIIRS nighttime lights (VNL), and select subsets of VIIRS Boat Detection (VBD) and VIIRS Nightfire (VNF). The EOG has other datasets which are available under other licenses. Under the Creative Commons Attribution 4.0 International license users are allowed to copy, modify, and distribute data in any format for any purpose, including commercial use. Users are only obligated to give appropriate credit (attribution) and indicate if they have made any changes.",The opened product page does not give an eligible-record count. It describes annual global VIIRS nighttime lights produced from monthly cloud-free average radiance grids spanning 2012 to 2020.,"global GeoTIFF pixel of monthly cloud-free average radiance, and annual VIIRS nighttime lights",not named on the opened page,"The product page has an Accounts link to https://eogdata.mines.edu/products/register/. That page says users need a free account with a verified e-mail address and links registration at https://eogauth.mines.edu/realms/eog/account. Download Tiled (https://eogdata.mines.edu/nighttime_light/monthly/v10/), the annual V2.2 directory (https://eogdata.mines.edu/nighttime_light/annual/v22/), and a linked lit-mask file each returned HTTP 302 to a sign-in page with Email, Password, Sign In, and Register. Login was not completed. The Accounts link is not a completed login.","No passing file was opened. The download index redirected to sign-in. The registration page also says non-commercial users can request programmatic access for a nominal fee with an OAuth bearer token; that path was not used and is not a browser file. The monthly section states that many areas lack good quality coverage for a month because of cloud-cover, especially in the tropical regions. CC BY 4.0 allows commercial use and is not a noncommercial license."
astronomy,4,Earth Observation Group VIIRS Nighttime Light,https://eogdata.mines.edu/products/vnl/,"The Earth Observation Group (EOG), Payne Institute for Public Policy, Colorado School of Mines, makes many of their datasets publicly available under the Creative Commons Attribution 4.0 International license (CC-BY 4.0). These include the DMSP nighttime lights, VIIRS nighttime lights (VNL), and select subsets of VIIRS Boat Detection (VBD) and VIIRS Nightfire (VNF). The EOG has other datasets which are available under other licenses. Under the Creative Commons Attribution 4.0 International license users are allowed to copy, modify, and distribute data in any format for any purpose, including commercial use. Users are only obligated to give appropriate credit (attribution) and indicate if they have made any changes.",The opened product page does not give an eligible-record count. It describes annual global VIIRS nighttime lights produced from monthly cloud-free average radiance grids spanning 2012 to 2020.,"global GeoTIFF pixel of monthly cloud-free average radiance, and annual VIIRS nighttime lights",not named on the opened page,"The product page has an Accounts link to https://eogdata.mines.edu/products/register/. That page says users need a free account with a verified e-mail address and links registration at https://eogauth.mines.edu/realms/eog/account. Download Tiled (https://eogdata.mines.edu/nighttime_light/monthly/v10/), the annual V2.2 directory (https://eogdata.mines.edu/nighttime_light/annual/v22/), and a linked lit-mask file each returned HTTP 302 to a sign-in page with Email, Password, Sign In, and Register. Login was not completed. The Accounts link is not a completed login.","No passing file was opened. The download index redirected to sign-in. The registration page also says non-commercial users can request programmatic access for a nominal fee with an OAuth bearer token; that path was not used and is not a browser file. The monthly section states that many areas lack good quality coverage for a month because of cloud-cover, especially in the tropical regions. CC BY 4.0 allows commercial use and is not a noncommercial license."
astronomy,4,Globe at Night citizen observations,https://globeatnight.org/maps-data/,Globe at Night data is made available under a Creative Commons Attribution 4.0 International License.,"2025 Results: 13421 total observations; catalog figure, not an eligible count.",one citizen night-sky observation,not named on the opened page,"The opened maps page does not mention an account, login, or registration. It links a 2025 CSV at https://globeatnight.org/documents/1190/GaN2025.csv.",The page states that observations are available to download and shows a CSV link. A header request for that CSV returned HTTP 302. The file body was not downloaded. CC BY 4.0 allows commercial use and is not a noncommercial license.
astronomy,2,Globe at Night citizen observations,https://globeatnight.org/maps-data/,Globe at Night data is made available under a Creative Commons Attribution 4.0 International License.,"2025 Results: 13421 total observations; catalog figure, not an eligible count.",one citizen night-sky observation,not named on the opened page,"The opened maps page does not mention an account, login, or registration. It links a 2025 CSV at https://globeatnight.org/documents/1190/GaN2025.csv.",The page states that observations are available to download and shows a CSV link. A header request for that CSV returned HTTP 302. The file body was not downloaded. CC BY 4.0 allows commercial use and is not a noncommercial license.
astronomy,2,Earth Observation Group VIIRS Nighttime Light,https://eogdata.mines.edu/products/vnl/,"The Earth Observation Group (EOG), Payne Institute for Public Policy, Colorado School of Mines, makes many of their datasets publicly available under the Creative Commons Attribution 4.0 International license (CC-BY 4.0). These include the DMSP nighttime lights, VIIRS nighttime lights (VNL), and select subsets of VIIRS Boat Detection (VBD) and VIIRS Nightfire (VNF). The EOG has other datasets which are available under other licenses. Under the Creative Commons Attribution 4.0 International license users are allowed to copy, modify, and distribute data in any format for any purpose, including commercial use. Users are only obligated to give appropriate credit (attribution) and indicate if they have made any changes.",The opened product page does not give an eligible-record count. It describes annual global VIIRS nighttime lights produced from monthly cloud-free average radiance grids spanning 2012 to 2020.,"global GeoTIFF pixel of monthly cloud-free average radiance, and annual VIIRS nighttime lights",not named on the opened page,"The product page has an Accounts link to https://eogdata.mines.edu/products/register/. That page says users need a free account with a verified e-mail address and links registration at https://eogauth.mines.edu/realms/eog/account. Download Tiled (https://eogdata.mines.edu/nighttime_light/monthly/v10/), the annual V2.2 directory (https://eogdata.mines.edu/nighttime_light/annual/v22/), and a linked lit-mask file each returned HTTP 302 to a sign-in page with Email, Password, Sign In, and Register. Login was not completed. The Accounts link is not a completed login.","No passing file was opened. The download index redirected to sign-in. The registration page also says non-commercial users can request programmatic access for a nominal fee with an OAuth bearer token; that path was not used and is not a browser file. The monthly section states that many areas lack good quality coverage for a month because of cloud-cover, especially in the tropical regions. CC BY 4.0 allows commercial use and is not a noncommercial license."
meteorology,1,"NOAA Integrated Surface Database, Global Hourly",https://www.ncei.noaa.gov/products/land-based-station/integrated-surface-database,"Opened product page states no license. Opened metadata page https://www.ncei.noaa.gov/access/metadata/landing-page/bin/iso?id=gov.noaa.ncdc:C00532 is titled Integrated Surface Dataset (Global) (Version Superseded) and says: Use liability: NOAA and NCEI cannot provide any warranty as to the accuracy, reliability, or completeness of furnished data. Users assume responsibility to determine the usability of these data. The user is responsible for the results of any application of this data for other than its intended purpose.","More than 20,000 stations on the product page. Catalog figure, not an eligible count.",hourly or synoptic surface observation,not named on the opened page,None shown. Product page links the NCEI Data Access application and an HTTPS folder.,"Passing file. Opened https://www.ncei.noaa.gov/data/global-hourly/access/2024/ and saw station CSV links, including 01001099999.csv. No bulk file was downloaded. Temperature and dew point are named on the product page. Coverage is described as global, with the best spatial coverage in North America, Europe, Australia, and parts of Asia."
meteorology,1,NOAA Global Summary of the Day,https://www.ncei.noaa.gov/data/global-summary-of-the-day/doc/readme.txt,"From the opened readme: Those countries' data summaries and products which are available here are intended for free and unrestricted use in research, education, and other non-commercial activities. However, for non-U.S. locations' data, the data or any derived product shall not be provided to other users or be used for the re-export of commercial services.","Over 9000 worldwide stations. Catalog figure, not an eligible count. Online files begin with 1929.",station-day,not named on the opened page,None shown. Readme points to the web folder.,"Noncommercial flag for non-U.S. locations: the data or any derived product shall not be provided to other users or be used for the re-export of commercial services. Passing file. Opened https://www.ncei.noaa.gov/data/global-summary-of-the-day/access/2024/ and saw station CSV links, including 01001099999.csv. No bulk file was downloaded. The readme says the summaries are built from ISD."
meteorology,2,IBTrACS version 4r01,https://www.ncei.noaa.gov/products/international-best-track-archive,"Opened DOI page https://doi.org/10.25921/82ty-9e16. Use Constraints ask users to cite Gahtan et al. (2024) doi:10.25921/82ty-9e16 and Knapp et al. (2010) doi:10.1175/2009BAMS2755.1. Use liability: NOAA and NCEI cannot provide any warranty as to the accuracy, reliability, or completeness of furnished data. Users assume responsibility to determine the usability of these data. The user is responsible for the results of any application of this data for other than its intended purpose. Fees: In most cases, electronic downloads of the data are free. However, fees may apply for custom orders, data certifications, copies of analog materials, and data distribution on physical media.",No storm count on the opened pages. The CSV directory lists 11 named CSV files. Not an eligible count.,"best-track record, generally at 3-hour intervals",not named on the opened page,Optional user registration form. The CSV links do not require it.,Passing file. Opened CSV directory lists ibtracs.ALL.list.v04r01.csv and basin files including ibtracs.WP.list.v04r01.csv. No bulk file was downloaded. The product page names a landfall variable as the minimum distance to land between the current time and the next reporting time. SHIPS developmental-data page https://rammb2.cira.colostate.edu/research/tropical-cyclones/ships/developmental-data/ did not open (connection closed) and is not the lead.
meteorology,3,OpenAQ,https://docs.openaq.org/about/about,"While the data is publicly available, users must comply with third-party terms.",No catalog total on the opened about page.,sensor-hour endpoint,not named on the opened page,Docs list an API key.,"API, not a file. The opened about page lists an API key, rate limits, and Get precomputed hourly measurements by sensor ID. The opened year-download guide at https://docs.openaq.org/aws/year-guide requires the AWS CLI in us-east-1 and is not a browser file. This row is not a passing file."
meteorology,3,US EPA AirData pre-generated hourly files,https://aqs.epa.gov/aqsweb/airdata/download_files.html,"The download page and https://aqs.epa.gov/aqsweb/airdata/FileFormats.html did not state a data license. The opened EPA Disclaimers page says its catalogue does not necessarily apply unless the Agency has explicitly incorporated it. Copyright Status on that page says: These documents may be freely distributed and used for non-commercial, scientific and educational purposes. Commercial use of the documents available from the EPA websites may be protected under the U.S. and Foreign Copyright Laws.","hourly_44201_2024.zip is listed as 8,995,978 rows and 66,904 KB. Catalog figure, not an eligible count. Files are listed back to 1990.",hourly measurement row,not named on the opened page,None shown. Zip links are on the page.,"Passing file. The Hourly Data section links zip files, including hourly_44201_2024.zip, and the page labels Ozone (44201). No zip was downloaded. FileFormats.html says sample values may have qualifiers, and types of qualifiers are null data, exceptional event, natural events, and quality assurance. The page describes US EPA ambient air files and also says the data are available via an API. The disclaimer noncommercial sentence is a catalogue option, not a confirmed zip-file license."
meteorology,3,UK-AIR Atom measurement feeds,https://uk-air.defra.gov.uk/data/atom-dls,"Defra Atom feeds are published under the Open Government Licence (OGL). Under the OGL you are free to copy, publish, distribute and transmit the information, adapt the information, and exploit the information commercially and non-commercially. You must acknowledge Defra and uk-air.defra.gov.uk as the source.","The opened data archive page says there are over 1500 sites across the UK. Catalog figure, not an eligible count. The Atom page lists year feeds, including auto/1973/atom.en.xml.",air quality measurement encoded in XML,not named on the opened page,None shown. Atom XML links are on the page.,"Passing file of XML feeds. The Atom page does not say hourly. The data selector page names Search Hourly Networks but shows no file link. OGL allows commercial use, so this is not a noncommercial flag. No measurement file was downloaded."
urban,2,Philippines Health Facilities (OpenStreetMap Export),https://data.humdata.org/dataset/hotosm_phl_health_facilities,"Opened page: Open Database License (ODC-ODbL). Opened summary: You are free to share (copy, distribute and use the database), to create (produce works from the database), and to adapt (modify, transform and build upon the database), as long as you attribute, share-alike, and keep open.","No eligible facility count on the opened page. Download (633.8K) for hotosm_phl_health_facilities_points_shp.zip is a file-size label, not an eligible count. A header check returned Content-Length 648999 bytes.",facility point,named on the opened page,None. The opened page shows Visibility Public and a Download label. A header check of the points shapefile URL returned HTTP 200 without an account.,Points files named on the page include hotosm_phl_health_facilities_points_shp.zip (ESRI Shapefile) and hotosm_phl_health_facilities_points_geojson.zip (GeoJSON). Polygon files are listed separately. The file was not downloaded. This extract is not a population denominator.
urban,2,Philippines: Total Population by Barangay,https://data.humdata.org/dataset/2020-census-total-population-by-barangay_admin4,"Opened page: Creative Commons Attribution International (CC BY). Opened Open Definition page: The Creative Commons Attribution license allows re-distribution and re-use of a licensed work on the condition that the creator is appropriately credited. Opened CC BY 4.0 deed: Share — copy and redistribute the material in any medium or format for any purpose, even commercially. Attribution — You must give appropriate credit, provide a link to the license, and indicate if changes were made.","No eligible barangay count on the opened page. Download (3.3M) is a file-size label, not an eligible count. A header check returned Content-Length 3495795 bytes.",barangay total population (admin4),named on the opened page,None. The opened page shows Visibility Public and a Download label. A header check of the xlsx download link returned HTTP 200 without an account.,Population-denominator file. The opened page names P-coded 2020 Census Total Popn Brgy_Adm4_New Pcode.xlsx and describes 2020 Census Total Population by Barangay (admin4) with a new 10-digit pcode. Not a noncommercial license. The file was not downloaded.
urban,1,Speedtest by Ookla Global Fixed and Mobile Network Performance Map Tiles,https://raw.githubusercontent.com/teamookla/ookla-open-data/master/README.md,Opened README: Creative Commons Attribution-NonCommercial-ShareAlike 4.0 International (CC BY-NC-SA 4.0). Opened deed: NonCommercial — You may not use the material for commercial purposes. A commercial use is one primarily intended for commercial advantage or monetary compensation.,"No eligible tile count on the opened page. Hundreds of millions of measurements each month is a catalog figure, not an eligible count. A header check of the named 2024 Q4 fixed shapefile URL returned Content-Length 248196642 bytes, a file size, not an eligible count.","zoom level 16 web mercator tile, approximately 610.8 meters by 610.8 meters at the equator",not named on the opened page,None. The opened README section Download via URL lists direct HTTPS links for Shapefile and Apache Parquet. The opened AWS registry page says No AWS account required.,Noncommercial wording applies. CC BY-NC-SA 4.0. The opened registry page https://registry.opendata.aws/speedtest-global-performance/ also names CC BY-NC-SA 4.0. The file was not downloaded.
